"(moved to working day)","(نُقل إلى يوم عمل)"
"0 = send once per cycle. 1 = repeat daily while the conditions still hold.","0 = إرسال مرة واحدة لكل دورة. 1 = تكرار يومي طالما الشروط قائمة."
"<p>Outgoing email from HC Tracker works.</p>","<p>البريد الصادر من متابعة الفحوصات يعمل.</p>"
"<p>Pop-up notifications are working for <b>{0}</b>.</p>","<p>الإشعارات المنبثقة تعمل للمستخدم <b>{0}</b>.</p>"
"A booking request without reply after this many days appears as 'Awaiting client reply'.","طلب الحجز بدون رد بعد هذه الأيام يظهر في 'بانتظار رد العميل'."
"Access / change-freeze window","صلاحيات الوصول / فترة تجميد التغييرات"
"Account Manager","مدير الحساب"
"Action","الإجراء"
"Action: start the renewal discussion with the client.","المطلوب: بدء نقاش التجديد مع العميل."
"After Step No","بعد الخطوة رقم"
"Alert the Account Manager this many days before Contract End.","تنبيه مدير الحساب قبل نهاية العقد بهذا العدد من الأيام."
"All","الكل"
"Also Show Pop-up","إظهار إشعار منبثق أيضاً"
"Also show an on-screen pop-up and a bell notification to recipients who are system users (needs HC Settings > Enable Pop-up Notifications).","إظهار إشعار منبثق وإشعار في الجرس للمستلمين من مستخدمي النظام (يتطلب تفعيل الإشعارات المنبثقة في الإعدادات)."
"Annual leave","إجازة سنوية"
"Applies To Frequency","ينطبق على التكرار"
"Arabic","العربية"
"Arabic Message","الرسالة العربية"
"Asked when a booked date is changed; recorded in the History tab.","يُطلب عند تغيير الموعد المحجوز ويُسجل في تبويب السجل."
"Assigned Engineer","المهندس المسؤول"
"Attach the HC report (Current Report) before signing off.","أرفق تقرير الفحص (التقرير الحالي) قبل الاعتماد."
"Attaching the report moves the status to Report sent.","إرفاق التقرير يغير الحالة إلى تم إرسال التقرير."
"Audit Trail","سجل التدقيق"
"Avg Days Due to Sign-off","متوسط الأيام حتى الاعتماد"
"Avg days due to sign-off","متوسط الأيام حتى الاعتماد"
"Avg days from due date to sign-off","متوسط الأيام من الاستحقاق إلى الاعتماد"
"Awaiting Sign-off","بانتظار الاعتماد"
"Awaiting client reply","بانتظار رد العميل"
"Block (instead of warn) booking an engineer on leave or already booked that day, or on a non-working day.","منع (بدلاً من التحذير) حجز مهندس في إجازة أو محجوز في ذلك اليوم أو في يوم عطلة."
"Block Unavailable Bookings","منع الحجوزات غير المتاحة"
"Book","حجز"
"Book Health Check","حجز موعد الفحص"
"Book now (not booked yet)","احجز الآن (لم يُحجز بعد)"
"Book the health check on {0} now?","حجز الفحص بتاريخ {0} الآن؟"
"Book-Now Horizon (days)","نطاق 'احجز الآن' (أيام)"
"Booked","محجوز"
"Booked HC Date","تاريخ الفحص المحجوز"
"Booked HC window. Required when status is Scheduled.","موعد الفحص المحجوز. مطلوب عندما تكون الحالة مجدول."
"Booked date changed","تم تغيير الموعد المحجوز"
"Booked for {0}","محجوز بتاريخ {0}"
"Booked health checks","الفحوصات المحجوزة"
"Booking Calendar","تقويم الحجوزات"
"Booking Request Message","رسالة طلب الحجز"
"Booking Request Sent On","تاريخ إرسال طلب الحجز"
"Booking Request Subject","موضوع طلب الحجز"
"Booking request sent","تم إرسال طلب الحجز"
"Booking request sent and logged.","تم إرسال طلب الحجز وتسجيله."
"Booking request sent on {0}","أُرسل طلب الحجز بتاريخ {0}"
"By {0}","حسب {0}"
"CC","نسخة"
"CC Contract Field","حقل النسخة في العقد"
"CC Email Address(es)","عناوين بريد النسخة"
"CC Role","دور النسخة"
"CC Type","نوع النسخة"
"CC User","مستخدم النسخة"
"Change","التغيير"
"Changed By","تم التغيير بواسطة"
"Changed On","تاريخ التغيير"
"Changed in calendar","تم التغيير من التقويم"
"Channel","القناة"
"Channels","القنوات"
"Check before booking","تحقق قبل الحجز"
"Check the booking","تحقق من الحجز"
"Client","العميل"
"Client Booking Request","طلب حجز العميل"
"Client Booking Request Email","بريد طلب الحجز للعميل"
"Client CC Emails","نسخ بريد العميل"
"Client Contact","جهة اتصال العميل"
"Client Contact Email","بريد جهة اتصال العميل"
"Client Contact Name","اسم جهة اتصال العميل"
"Client Contact Phone","هاتف جهة اتصال العميل"
"Client ID","رقم العميل"
"Client Name","اسم العميل"
"Client Reply Wait (days)","انتظار رد العميل (أيام)"
"Client asked for later date","طلب العميل موعداً لاحقاً"
"Client confirmed date","أكد العميل الموعد"
"Client contact","جهة اتصال العميل"
"Client request","طلب العميل"
"Client will confirm","سيؤكد العميل"
"Column","العمود"
"Comma separated day names.","أسماء الأيام مفصولة بفواصل."
"Comma separated emails. Technical Managers always receive the digest.","عناوين مفصولة بفواصل. يستلم المديرون الفنيون الملخص دائماً."
"Comma separated, copied on booking requests and visit reminders.","مفصولة بفواصل، تُنسخ في طلبات الحجز وتذكيرات الزيارة."
"Comma separated, e.g. Not started. Empty = any status.","مفصولة بفواصل، مثل لم يبدأ. فارغ = أي حالة."
"Comma separated, e.g. Scheduled,In progress,Report sent,Signed off.","مفصولة بفواصل، مثل Scheduled,In progress,Report sent,Signed off."
"Comma separated. Technical Managers always receive it.","مفصولة بفواصل. يستلمه المديرون الفنيون دائماً."
"Completed","منجز"
"Completed per Month","المنجز شهرياً"
"Confirm with client (booked in the next 2 working days)","تأكيد مع العميل (محجوز خلال يومي العمل القادمين)"
"Contact History","سجل التواصل"
"Contact Log","سجل التواصل"
"Contact On","تاريخ التواصل"
"Contact logged.","تم تسجيل التواصل."
"Contact logged: {0} via {1}{2}","تم تسجيل تواصل: {0} عبر {1}{2}"
"Contract","العقد"
"Contract End","نهاية العقد"
"Contract End cannot be before Contract Start.","لا يمكن أن تكون نهاية العقد قبل بدايته."
"Contract Field","حقل في العقد"
"Contract Start","بداية العقد"
"Contract ended","انتهى العقد"
"Contract has no Next Due Date","لا يوجد تاريخ استحقاق للعقد"
"Contract start","بداية العقد"
"Contracts","العقود"
"Could not build the timeline. See Error Log.","تعذر إنشاء الجدول الزمني. راجع سجل الأخطاء."
"Current Cycle","الدورة الحالية"
"Current Report","التقرير الحالي"
"Current Sign-off","الاعتماد الحالي"
"Cycle","الدورة"
"Cycle period label (e.g. 2026-Q4), digest-YYYY-MM-DD or renewal-YYYY-MM-DD.","رمز فترة الدورة (مثل 2026-Q4) أو digest-YYYY-MM-DD أو renewal-YYYY-MM-DD."
"Cycle {0} signed off. Next due date: {1}. A new notification cycle has started.","تم اعتماد الدورة {0}. تاريخ الاستحقاق القادم: {1}. بدأت دورة إشعارات جديدة."
"Daily HC job queued. Check HC Notification Log in a minute.","تمت جدولة المهمة اليومية. راجع سجل الإشعارات بعد دقيقة."
"Date","التاريخ"
"Date Proposed / Confirmed","التاريخ المقترح / المؤكد"
"Date-based reminders (except steps marked 'Ignore Pause') wait until this date.","التذكيرات المرتبطة بالتاريخ (عدا الخطوات المعلّمة 'تجاهل الإيقاف') تنتظر حتى هذا التاريخ."
"Days Late","أيام التأخير"
"Days Left","الأيام المتبقية"
"Days after due date (overdue)","أيام بعد تاريخ الاستحقاق (متأخر)"
"Days after previous step if not resolved","أيام بعد الخطوة السابقة إن لم تُحل"
"Days before due date","أيام قبل تاريخ الاستحقاق"
"Days before scheduled date","أيام قبل الموعد المحجوز"
"Days overdue","أيام التأخير"
"Default","افتراضي"
"Default Helpdesk Email","بريد الدعم الافتراضي"
"Default Teams Webhook URL","رابط Teams الافتراضي"
"Default Technical Manager","المدير الفني الافتراضي"
"Description","الوصف"
"Detail","التفاصيل"
"Details","التفاصيل"
"Devices / sites in scope, e.g. 40 Catalyst switches, 2 C9800 WLCs, 2 PA-3220, 1 FortiGate 200F","الأجهزة / المواقع ضمن النطاق، مثل 40 سويتش Catalyst و 2 WLC C9800 و 2 PA-3220 و 1 FortiGate 200F"
"Digest Recipients","مستلمو الملخص"
"Direction","الاتجاه"
"Disabled","معطّل"
"Dismiss","إغلاق"
"Download Excel Template","تحميل قالب Excel"
"Dry run: nothing is sent and nothing is logged. {0} step(s) would send today.","تشغيل تجريبي: لن يُرسل أو يُسجل شيء. {0} خطوة سترسل اليوم."
"Due Date","تاريخ الاستحقاق"
"Due This Month","مستحق هذا الشهر"
"Due date","تاريخ الاستحقاق"
"Due in {0} days","مستحق بعد {0} يوم"
"Due in {0}d","مستحق بعد {0} يوم"
"Due per Month","المستحق شهرياً"
"Due since {0}","مستحق منذ {0}"
"Due today","مستحق اليوم"
"Due {0} - {1} days overdue - {2} - {3}","الاستحقاق {0} - متأخر {1} يوم - {2} - {3}"
"Due: {0} (not booked)","مستحق: {0} (غير محجوز)"
"Email","بريد إلكتروني"
"Email + Teams","بريد إلكتروني + Teams"
"Email Address","عنوان بريد إلكتروني"
"Email Address(es)","عناوين البريد الإلكتروني"
"Email of an existing user with role HC Account Manager.","البريد الإلكتروني لمستخدم موجود بدور مدير الحساب."
"Email of an existing user with role HC Engineer.","البريد الإلكتروني لمستخدم موجود بدور مهندس الفحص."
"Enable Daily Overdue Digest","تفعيل ملخص المتأخرات اليومي"
"Enable Helpdesk To-Do","تفعيل مهام الدعم"
"Enable Pop-up Notifications","تفعيل الإشعارات المنبثقة"
"Enable Teams","تفعيل Teams"
"Enable desktop pop-ups for HC Tracker","تفعيل إشعارات سطح المكتب لمتابعة الفحوصات"
"Enabled","مفعّل"
"Engineer","المهندس"
"Engineer Leave","إجازات المهندسين"
"Engineer Name","اسم المهندس"
"Engineer available and working day.","المهندس متاح واليوم يوم عمل."
"Engineer bookings that week","حجوزات المهندس في ذلك الأسبوع"
"Engineer not available","المهندس غير متاح"
"Engineer unavailable","المهندس غير متاح"
"English","الإنجليزية"
"English + Arabic","الإنجليزية + العربية"
"Enter the client email address.","أدخل البريد الإلكتروني للعميل."
"Error","الخطأ"
"Escalation Steps","خطوات التصعيد"
"Evaluate As Of","التقييم بتاريخ"
"Evaluated as of","التقييم بتاريخ"
"Evaluating steps...","جارٍ تقييم الخطوات..."
"Evaluation date of the run (today, or the simulated date).","تاريخ تقييم التشغيل (اليوم أو التاريخ التجريبي)."
"Example","مثال"
"Failed","فشل"
"Fallback Role","الدور البديل"
"Fill the 'Contracts' sheet only (one row per client), then use HC Contract list > Import from Excel.","عبّئ ورقة 'Contracts' فقط (صف لكل عميل)، ثم استخدم قائمة العقود > استيراد من Excel."
"Findings Summary","ملخص الملاحظات"
"Flow","المسار"
"Flow Name","اسم المسار"
"Follow Up On","المتابعة بتاريخ"
"Follow-ups Due Today","متابعات اليوم"
"Follow-ups due today","متابعات مستحقة اليوم"
"Frequency","التكرار"
"Friday","الجمعة"
"From Date","من تاريخ"
"Group By","التجميع حسب"
"HC Audit Trail","سجل التدقيق"
"HC Avg Days Due to Sign-off","متوسط الأيام حتى الاعتماد"
"HC Awaiting Sign-off","بانتظار الاعتماد"
"HC Completed per Month","الفحوصات المنجزة شهرياً"
"HC Contact Log","سجل التواصل مع العملاء"
"HC Contract","عقد فحص الشبكة"
"HC Cycle","دورة الفحص"
"HC Cycles","دورات الفحص"
"HC Date","تاريخ الفحص"
"HC Due This Month","مستحق هذا الشهر"
"HC Due per Month","الفحوصات المستحقة شهرياً"
"HC Engineer Leave","إجازات المهندسين"
"HC Follow-ups Due Today","متابعات اليوم"
"HC Frequency","تكرار الفحص"
"HC Holiday","العطل الرسمية"
"HC Management Summary","الملخص الإداري للفحوصات"
"HC Notification Flow","مسار إشعارات الفحص"
"HC Notification Log","سجل إشعارات الفحص"
"HC Notification Step","خطوة إشعار الفحص"
"HC Notifications Failed Today","إشعارات فشلت اليوم"
"HC On-time vs Late","في الموعد مقابل المتأخر"
"HC Overdue","الفحوصات المتأخرة"
"HC Reschedule","تغيير موعد الفحص"
"HC Settings","إعدادات متابعة الفحوصات"
"HC Tracker","متابعة فحوصات الشبكة"
"HC Tracker test email","بريد تجريبي من متابعة الفحوصات"
"HC Tracker test message","رسالة تجريبية من متابعة الفحوصات"
"HC Tracker test pop-up","إشعار منبثق تجريبي"
"HC date minus due date (0 or less = on time).","تاريخ الفحص ناقص تاريخ الاستحقاق (0 أو أقل = في الموعد)."
"Half-yearly","نصف سنوي"
"Health check summary {0} to {1}","ملخص الفحوصات من {0} إلى {1}"
"Health checks","الفحوصات"
"Health checks completed","الفحوصات المنجزة"
"Health checks due","الفحوصات المستحقة"
"Hello,","مرحباً،"
"Helpdesk","الدعم الفني"
"Helpdesk Contact","جهة اتصال الدعم"
"Helpdesk Daily To-Do","مهام الدعم اليومية"
"Helpdesk To-Do","مهام الدعم"
"Helpdesk Tracking","متابعة الدعم"
"Helpdesk can only change the booking, the client contact and the reminder pause. Not allowed: {0}","يمكن لفريق الدعم تغيير الحجز وجهة اتصال العميل وإيقاف التذكيرات فقط. غير مسموح: {0}"
"Helpdesk can only change the status from Not started to Scheduled.","يمكن لفريق الدعم تغيير الحالة من لم يبدأ إلى مجدول فقط."
"Helpdesk to-do for {0}","مهام الدعم ليوم {0}"
"Helpdesk to-do: {0}","مهام الدعم: {0}"
"History","السجل"
"Holiday Date","تاريخ العطلة"
"Holidays","العطل الرسمية"
"Holidays and leave cannot be moved here.","لا يمكن نقل العطل والإجازات من هنا."
"Home","الرئيسية"
"How","كيف"
"If you can read this card, the Teams Workflows webhook is configured correctly.","إذا ظهرت هذه البطاقة فإن ربط Teams يعمل بشكل صحيح."
"Ignore Pause","تجاهل الإيقاف"
"Import","استيراد"
"Import from Excel","استيراد من Excel"
"In person","حضورياً"
"In progress","قيد التنفيذ"
"Include Overdue","تضمين المتأخرة"
"Incoming","وارد"
"Interval (months)","الفترة (بالأشهر)"
"Is Default","افتراضي"
"Jinja / HTML. Empty = default message.","Jinja / HTML. فارغ = الرسالة الافتراضية."
"Jinja: doc, proposed_dates (list), due_date, sender_name. Empty = default.","Jinja: doc و proposed_dates و due_date و sender_name. فارغ = الافتراضي."
"Language","اللغة"
"Language of emails, Teams cards and pop-ups. Users choose the screen language in their own settings.","لغة البريد وبطاقات Teams والإشعارات المنبثقة. يختار كل مستخدم لغة الشاشة من إعداداته."
"Last Contact","آخر تواصل"
"Last Contact On","آخر تواصل بتاريخ"
"Last Contact Outcome","نتيجة آخر تواصل"
"Last HC Date","تاريخ آخر فحص"
"Last Rescheduled On","تاريخ آخر تغيير للموعد"
"Last attempt failed ({0})","فشلت آخر محاولة ({0})"
"Last contact","آخر تواصل"
"Last sent on {0}","آخر إرسال بتاريخ {0}"
"Last step sent","آخر خطوة مرسلة"
"Late","متأخر"
"Leave Type","نوع الإجازة"
"Leave empty to use the flow for this frequency, or the default flow.","اتركه فارغاً لاستخدام مسار هذا التكرار أو المسار الافتراضي."
"Left voicemail","تم ترك رسالة صوتية"
"Log Contact Attempt","تسجيل محاولة تواصل"
"Logged By","سُجل بواسطة"
"Management Summary","الملخص الإداري"
"Management summary {0} to {1}: {2}","الملخص الإداري من {0} إلى {1}: {2}"
"Message","الرسالة"
"Message Template","قالب الرسالة"
"Message Template (Arabic)","قالب الرسالة (عربي)"
"Method","الطريقة"
"Microsoft Teams","Microsoft Teams"
"Monday","الاثنين"
"Monthly","شهري"
"New Date","التاريخ الجديد"
"New Value","القيمة الجديدة"
"Next Due Date","تاريخ الاستحقاق القادم"
"Next N Days","الأيام القادمة"
"Next due","الاستحقاق القادم"
"Next repeat on {0}","التكرار القادم بتاريخ {0}"
"No Teams webhook URL configured (step or HC Settings)","لم يتم إعداد رابط Teams (في الخطوة أو الإعدادات)"
"No answer","لا يوجد رد"
"No channel applies","لا توجد قناة مناسبة"
"No channel applies (no recipients or Teams disabled)","لا توجد قناة مناسبة (لا مستلمين أو Teams معطل)"
"No default outgoing Email Account. Configure the Office 365 Email Account (Default Outgoing).","لا يوجد حساب بريد صادر افتراضي. قم بإعداد حساب Office 365 (الصادر الافتراضي)."
"No email recipients resolved","لم يتم تحديد مستلمين للبريد"
"No enabled HC Notification Flow applies to this contract.","لا يوجد مسار إشعارات مفعل ينطبق على هذا العقد."
"No scheduled date yet","لا يوجد موعد محجوز بعد"
"No system users to notify","لا يوجد مستخدمون لإشعارهم"
"Not available","غير متاح"
"Not permitted","غير مسموح"
"Not specified","غير محدد"
"Not started","لم يبدأ"
"Note","ملاحظة"
"Notes","ملاحظات"
"Notification Flow","مسار الإشعارات"
"Notification Flows","مسارات الإشعارات"
"Notification Language","لغة الإشعارات"
"Notification Log","سجل الإشعارات"
"Notification Timeline","الجدول الزمني للإشعارات"
"Notifications","الإشعارات"
"Notifications Failed Today","إشعارات فشلت اليوم"
"OK","موافق"
"Off","متوقف"
"Old Date","التاريخ القديم"
"Old Value","القيمة القديمة"
"On Status","عند الحالة"
"On reschedule","عند تغيير الموعد"
"On status change","عند تغيير الحالة"
"On time","في الموعد"
"On-time %","نسبة الالتزام بالموعد %"
"On-time vs Late","في الموعد مقابل المتأخر"
"One or more addresses, comma separated (e.g. a shared helpdesk mailbox).","عنوان أو أكثر مفصولة بفواصل (مثل صندوق بريد الدعم المشترك)."
"Only If Status In","فقط إذا كانت الحالة"
"Only an HC Account Manager or HC Technical Manager can set the status to Signed off.","يمكن لمدير الحساب أو المدير الفني فقط تغيير الحالة إلى معتمد."
"Only booked or not-started contracts can be moved.","يمكن نقل العقود المحجوزة أو التي لم تبدأ فقط."
"Only one flow can be the default. Used when no frequency-specific flow exists.","يمكن أن يكون مسار واحد فقط افتراضياً، ويُستخدم عند عدم وجود مسار خاص بالتكرار."
"Open Contract","فتح العقد"
"Open HC contracts","فتح عقود الفحص"
"Open contract","فتح العقد"
"Open in HC Tracker","فتح في متابعة الفحوصات"
"Option 1","الخيار 1"
"Option 2","الخيار 2"
"Option 3","الخيار 3"
"Optional. Overrides the default Technical Manager (HC Settings).","اختياري. يستبدل المدير الفني الافتراضي."
"Optional. Overrides the default helpdesk (HC Settings) for this client.","اختياري. يستبدل جهة الدعم الافتراضية لهذا العميل."
"Optional. Teams Workflows webhook for this step; falls back to HC Settings.","اختياري. رابط Teams لهذه الخطوة؛ وإلا يُستخدم رابط الإعدادات."
"Other","أخرى"
"Other assignment","مهمة أخرى"
"Outcome","النتيجة"
"Outgoing","صادر"
"Overdue","متأخر"
"Overdue by {0} days","متأخر {0} يوم"
"Overdue health checks as of {0}","الفحوصات المتأخرة حتى {0}"
"Overdue {0}d","متأخر {0} يوم"
"Pause Reminders Until","إيقاف التذكيرات حتى"
"Pause Reminders Until must be after the contact date.","يجب أن يكون تاريخ إيقاف التذكيرات بعد تاريخ التواصل."
"Pending","قيد الانتظار"
"Pending (sends at next run)","قيد الانتظار (يُرسل في التشغيل القادم)"
"People","الأشخاص"
"Period","الفترة"
"Phone","هاتف"
"Phone, Email, Teams or WhatsApp.","هاتف أو بريد إلكتروني أو Teams أو واتساب."
"Planned","المخطط"
"Planned for {0}","مخطط بتاريخ {0}"
"Pop-up Notifications","الإشعارات المنبثقة"
"Preferred Contact Method","طريقة التواصل المفضلة"
"Proposed dates (optional)","التواريخ المقترحة (اختياري)"
"Public holiday","عطلة رسمية"
"Quarterly","ربع سنوي"
"Reason","السبب"
"Recipient","المستلم"
"Recipient (To)","المستلم (إلى)"
"Recipient Type","نوع المستلم"
"Recipients","المستلمون"
"Refresh Timeline","تحديث الجدول الزمني"
"Reminders Paused Until","التذكيرات متوقفة حتى"
"Reminders paused until {0}","التذكيرات متوقفة حتى {0}"
"Reminders planned on a weekend/holiday move to the previous working day (before-steps) or the next working day (after-steps); nothing is sent on non-working days.","التذكيرات المخططة في يوم عطلة تنتقل إلى يوم العمل السابق (خطوات قبل) أو التالي (خطوات بعد)، ولا يُرسل شيء في أيام العطل."
"Renewal Alert Days","أيام تنبيه التجديد"
"Renewal Alert Days cannot be negative.","لا يمكن أن تكون أيام تنبيه التجديد سالبة."
"Repeat Every (days)","التكرار كل (أيام)"
"Repeat due (every {0} days)","التكرار مستحق (كل {0} يوم)"
"Report","التقرير"
"Report attached: status set to Report sent.","تم إرفاق التقرير: أصبحت الحالة تم إرسال التقرير."
"Report sent","تم إرسال التقرير"
"Required, unique (becomes the contract ID).","مطلوب وفريد (يصبح رقم العقد)."
"Required.","مطلوب."
"Required. Excel date or YYYY-MM-DD.","مطلوب. تاريخ Excel أو بصيغة YYYY-MM-DD."
"Required: Monthly, Quarterly, Half-yearly or Yearly.","مطلوب: شهري أو ربع سنوي أو نصف سنوي أو سنوي."
"Reschedule","تغيير الموعد"
"Reschedule Health Check","تغيير موعد الفحص"
"Reschedule History","سجل تغيير المواعيد"
"Reschedule Note","ملاحظة تغيير الموعد"
"Reschedule Reason","سبب تغيير الموعد"
"Reschedule reason","سبب تغيير الموعد"
"Role","الدور"
"Row {0}: Step No must be 1 or higher.","الصف {0}: يجب أن يكون رقم الخطوة 1 أو أكثر."
"Run Daily Job Now","تشغيل المهمة اليومية الآن"
"Run Date","تاريخ التشغيل"
"Run Dry Run","تشغيل الاختبار"
"Saturday","السبت"
"Save","حفظ"
"Save the contract to see its notification timeline.","احفظ العقد لرؤية جدول الإشعارات."
"Save the contract with a Next Due Date to see its notification timeline.","احفظ العقد مع تاريخ الاستحقاق لرؤية جدول الإشعارات."
"Save the flow before testing it.","احفظ المسار قبل اختباره."
"Scheduled","مجدول"
"Scheduled Date","تاريخ الموعد"
"Scheduled date has passed","مضى الموعد المحجوز"
"Scope","النطاق"
"Send","إرسال"
"Send Booking Request","إرسال طلب حجز"
"Send Booking Request to Client","إرسال طلب حجز إلى العميل"
"Send Helpdesk To-Do Now","إرسال مهام الدعم الآن"
"Send Management Summary","إرسال الملخص الإداري"
"Send Management Summary Now","إرسال الملخص الإداري الآن"
"Send Test Email","إرسال بريد تجريبي"
"Send Test Pop-up To Me","إرسال إشعار منبثق تجريبي لي"
"Send Test Teams Card","إرسال بطاقة Teams تجريبية"
"Send even while the contract's reminders are paused (e.g. management escalations).","أرسل حتى أثناء إيقاف تذكيرات العقد (مثل تصعيدات الإدارة)."
"Sent","مرسل"
"Sent On","تاريخ الإرسال"
"Sent by","أُرسل بواسطة"
"Sent on {0}","أُرسل بتاريخ {0}"
"Set automatically from the frequency.","تُحدد تلقائياً من التكرار."
"Set the Scheduled Date (booked HC window) before setting the status to Scheduled.","حدد تاريخ الموعد قبل تغيير الحالة إلى مجدول."
"Sets the contract's 'Reminders Paused Until'. Use when the client asked to be contacted later.","يحدد 'التذكيرات متوقفة حتى' في العقد. استخدمه عندما يطلب العميل التواصل لاحقاً."
"Settings","الإعدادات"
"Shared helpdesk mailbox. Used when a step targets the contract field helpdesk_contact and it is empty.","صندوق بريد الدعم المشترك. يُستخدم عندما تستهدف الخطوة جهة اتصال الدعم وتكون فارغة."
"Show an on-screen pop-up and a bell notification to users when a step emails them (per-step 'Also Show Pop-up').","إظهار إشعار منبثق وإشعار في الجرس للمستخدمين عند إرسال بريد لهم (حسب خيار كل خطوة)."
"Shown in the helpdesk to-do list on this date.","يظهر في قائمة مهام الدعم في هذا التاريخ."
"Sick leave","إجازة مرضية"
"Sign Off Cycle","اعتماد الدورة"
"Sign off this cycle? The due date rolls forward by {0} month(s) and a new notification cycle starts.","اعتماد هذه الدورة؟ سيتقدم تاريخ الاستحقاق {0} شهر وتبدأ دورة إشعارات جديدة."
"Sign-off","الاعتماد"
"Sign-off File","ملف الاعتماد"
"Signed Off By","اعتمد بواسطة"
"Signed Off On","تاريخ الاعتماد"
"Signed off","معتمد"
"Signed off by {0}","اعتمد بواسطة {0}"
"Site","الموقع"
"Skip Weekends and Holidays","تخطي العطل الأسبوعية والرسمية"
"Specific User","مستخدم محدد"
"Status","الحالة"
"Status is {0}; step only fires while status is {1}","الحالة {0}؛ تُرسل هذه الخطوة فقط عندما تكون الحالة {1}"
"Status will change to Report sent when you save.","ستتغير الحالة إلى تم إرسال التقرير عند الحفظ."
"Step","الخطوة"
"Step Label","اسم الخطوة"
"Step No","رقم الخطوة"
"Step No {0} is used more than once.","رقم الخطوة {0} مستخدم أكثر من مرة."
"Step disabled","الخطوة معطلة"
"Step to wait for. 0 = the step with the next lower Step No.","الخطوة المنتظرة. 0 = الخطوة ذات الرقم الأقل التالي."
"Step {0} ({1})","الخطوة {0} ({1})"
"Steps","الخطوات"
"Steps are evaluated every day at 08:00 (Asia/Qatar) and on every status change.","يتم تقييم الخطوات يومياً الساعة 08:00 (توقيت قطر) وعند كل تغيير للحالة."
"Stop When Status","توقف عند الحالة"
"Stopped: status is {0}","متوقفة: الحالة {0}"
"Subject","الموضوع"
"Subject Template","قالب الموضوع"
"Subject Template (Arabic)","قالب الموضوع (عربي)"
"Summary Frequency","تكرار الملخص"
"Summary Recipients","مستلمو الملخص"
"Sunday","الأحد"
"System Notification","إشعار النظام"
"Teams","Teams"
"Teams Webhook URL","رابط Teams"
"Teams is enabled but no default webhook URL is set. Steps without their own URL will fail.","Teams مفعل ولكن لا يوجد رابط افتراضي. ستفشل الخطوات التي ليس لها رابط."
"Teams test failed","فشل اختبار Teams"
"Teams webhook returned HTTP {0}: {1}","أعاد رابط Teams الرمز HTTP {0}: {1}"
"Technical Manager","المدير الفني"
"Template error: {0}","خطأ في القالب: {0}"
"Test","اختبار"
"Test Flow","اختبار المسار"
"Test Flow (dry run - nothing is sent)","اختبار المسار (تجريبي - لن يُرسل شيء)"
"Test card posted to Teams.","تم إرسال البطاقة التجريبية إلى Teams."
"Test email sent to {0}.","تم إرسال البريد التجريبي إلى {0}."
"Test pop-up sent. It appears in a moment and in the bell icon.","تم إرسال الإشعار التجريبي، وسيظهر خلال لحظات وفي أيقونة الجرس."
"The default flow must be enabled.","يجب تفعيل المسار الافتراضي."
"The health check contract for {0} ({1}) ends on {2}, in {3} days.","ينتهي عقد الفحص للعميل {0} ({1}) بتاريخ {2}، بعد {3} يوم."
"This engineer already has health checks booked during the leave: {0}. Reschedule them.","لدى هذا المهندس فحوصات محجوزة خلال الإجازة: {0}. يرجى إعادة جدولتها."
"Thursday","الخميس"
"Tip: save the client contact email on the contract.","تلميح: احفظ بريد جهة اتصال العميل في العقد."
"To","إلى"
"To Date","إلى تاريخ"
"To Date cannot be before From Date.","لا يمكن أن يكون تاريخ النهاية قبل تاريخ البداية."
"Total","الإجمالي"
"Training","تدريب"
"Trigger","التشغيل"
"Trigger Days","أيام التشغيل"
"Trigger Mode","نوع التشغيل"
"Tuesday","الثلاثاء"
"URL of a Teams Workflows flow 'When a Teams webhook request is received' > 'Post card in a chat or channel'.","رابط مسار Teams Workflows 'عند استلام طلب webhook' > 'نشر بطاقة في محادثة أو قناة'."
"Unassigned","غير معيّن"
"Unbooked contracts due within this many days appear in the to-do list.","العقود غير المحجوزة المستحقة خلال هذه الأيام تظهر في قائمة المهام."
"Unique client code, e.g. C001. Used as the document name.","رمز عميل فريد مثل C001، ويُستخدم كاسم المستند."
"Unknown","غير معروف"
"Unknown channel {0}","قناة غير معروفة {0}"
"Unknown trigger mode {0}","نوع تشغيل غير معروف {0}"
"Upcoming Health Checks","الفحوصات القادمة"
"Used when HC Settings > Notification Language is Arabic or English + Arabic. Empty = Arabic default.","يُستخدم عندما تكون لغة الإشعارات عربي أو إنجليزي + عربي. فارغ = القالب العربي الافتراضي."
"Used when a contract has no Technical Manager.","يُستخدم عندما لا يوجد مدير فني في العقد."
"Used when the recipient above resolves to nobody (e.g. contract field empty).","يُستخدم عندما لا يوجد مستلم (مثلاً حقل العقد فارغ)."
"User","المستخدم"
"Waiting for a reschedule","بانتظار تغيير الموعد"
"Waiting for status change","بانتظار تغيير الحالة"
"Waiting for step {0} to be sent","بانتظار إرسال الخطوة {0}"
"Wednesday","الأربعاء"
"Weekend Days","أيام عطلة نهاية الأسبوع"
"Weekly","أسبوعي"
"Weekly: every Sunday for the previous 7 days. Monthly: on the 1st for the previous month.","أسبوعي: كل يوم أحد لآخر 7 أيام. شهري: في أول الشهر للشهر السابق."
"WhatsApp","واتساب"
"When","متى"
"When status becomes {0}","عندما تصبح الحالة {0}"
"When the booked date changes","عند تغيير الموعد المحجوز"
"Why is the booked date changing?","لماذا يتم تغيير الموعد المحجوز؟"
"Working Days and Bookings","أيام العمل والحجوزات"
"Would send today","سيُرسل اليوم"
"Wrong contact details","بيانات اتصال خاطئة"
"Yearly","سنوي"
"no engineer","بدون مهندس"
"public holiday ({0})","عطلة رسمية ({0})"
"weekend ({0})","عطلة نهاية الأسبوع ({0})"
"{0} already has the health check for {1} ({2}) on {3}.","لدى {0} فحص محجوز مسبقاً للعميل {1} ({2}) بتاريخ {3}."
"{0} day(s) after due date","بعد تاريخ الاستحقاق بـ {0} يوم"
"{0} day(s) after step {1}","بعد الخطوة {1} بـ {0} يوم"
"{0} day(s) before due date","قبل تاريخ الاستحقاق بـ {0} يوم"
"{0} day(s) before scheduled date","قبل الموعد المحجوز بـ {0} يوم"
"{0} is a {1}.","{0} يوافق {1}."
"{0} is on {1} from {2} to {3}.","{0} في {1} من {2} إلى {3}."
"{0} more not shown","{0} أخرى غير معروضة"
"{0} on {1}: {2}","{0} بتاريخ {1}: {2}"
"{0}: After Step No must be an earlier step of this flow.","{0}: يجب أن تكون الخطوة السابقة من نفس المسار."
"{0}: choose a contract field for {1}.","{0}: اختر حقل العقد لـ {1}."
"{0}: choose a role for {1}.","{0}: اختر الدور لـ {1}."
"{0}: choose a user for {1}.","{0}: اختر المستخدم لـ {1}."
"{0}: days cannot be negative.","{0}: لا يمكن أن تكون الأيام سالبة."
"{0}: enter an email address for {1}.","{0}: أدخل البريد الإلكتروني لـ {1}."
"{0}: set On Status for an 'On status change' step.","{0}: حدد الحالة لخطوة 'عند تغيير الحالة'."
"{0}: there is no previous step to wait for.","{0}: لا توجد خطوة سابقة للانتظار."
"{0}: unknown status {1} in {2}. Use: {3}","{0}: حالة غير معروفة {1} في {2}. استخدم: {3}"
