"#","#"
"'To' time must be after 'From' time.","يجب أن يكون وقت 'إلى' بعد وقت 'من'."
"(moved to working day)","(نُقل إلى يوم عمل)"
"0 = send once per cycle (per visit for visit rules). 1 = repeat daily while the conditions still hold.","0 = إرسال مرة واحدة لكل دورة (لكل زيارة في قواعد الزيارات). 1 = التكرار يومياً ما دامت الشروط قائمة."
"<p>Outgoing email from AMC Tracker works.</p>","<p>البريد الصادر من نظام متابعة عقود الصيانة يعمل.</p>"
"<p>Pop-up notifications are working for <b>{0}</b>.</p>","<p>الإشعارات المنبثقة تعمل للمستخدم <b>{0}</b>.</p>"
"A PM due date cannot be moved here. Assign engineers on the AMC; each engineer sets the visit date.","لا يمكن نقل موعد استحقاق الصيانة من هنا. عيّن المهندسين في العقد، وكل مهندس يحدد موعد زيارته."
"A scheduling email without reply after this many days appears as 'Awaiting client reply'.","بريد الجدولة الذي لم يُرد عليه بعد هذا العدد من الأيام يظهر في 'بانتظار رد العميل'."
"AMC","عقد الصيانة"
"AMC Account Manager","مدير حساب عقود الصيانة"
"AMC Admin","مسؤول نظام عقود الصيانة"
"AMC Audit Trail","سجل تدقيق عقود الصيانة"
"AMC Engineer","مهندس عقود الصيانة"
"AMC Field","حقل في العقد"
"AMC Helpdesk","دعم عقود الصيانة"
"AMC Management Summary","الملخص الإداري لعقود الصيانة"
"AMC Name","اسم العقد"
"AMC Notification Flow","قواعد إشعارات عقود الصيانة"
"AMC Notification Log","سجل إشعارات عقود الصيانة"
"AMC Notification Step","خطوة إشعار"
"AMC Settings","إعدادات عقود الصيانة"
"AMC Technical Manager","المدير الفني لعقود الصيانة"
"AMC Tracker","متابعة عقود الصيانة"
"AMC Tracker test email","بريد تجريبي من متابعة عقود الصيانة"
"AMC Tracker test message","رسالة تجريبية من متابعة عقود الصيانة"
"AMC Tracker test pop-up","إشعار منبثق تجريبي"
"AMC has no Next PM Due Date","لا يوجد موعد استحقاق للصيانة القادمة في العقد"
"AMCs","عقود الصيانة"
"AMCs due within this many days without engineers or visit dates appear in the to-do.","العقود المستحقة خلال هذا العدد من الأيام بدون مهندسين أو مواعيد زيارات تظهر في المهام."
"Access / change-freeze window","صلاحيات الوصول / فترة تجميد التغييرات"
"Account Manager","مدير الحساب"
"Action","الإجراء"
"Action: start the renewal discussion with the client.","المطلوب: بدء نقاش التجديد مع العميل."
"Actions","الإجراءات"
"Active","نشط"
"Active or Inactive.","نشط أو غير نشط."
"Add Leave","إضافة إجازة"
"Add Visit","إضافة زيارة"
"Address","العنوان"
"After Step No","بعد الخطوة رقم"
"Agree a date with the client and click Set Visit Date.","اتفق على موعد مع العميل ثم اضغط تحديد موعد الزيارة."
"Alert the Account Manager this many days before Contract End.","تنبيه مدير الحساب قبل نهاية العقد بهذا العدد من الأيام."
"All","الكل"
"All visit reports submitted","تم تقديم جميع تقارير الزيارات"
"Already assigned: {0}","معيّن مسبقاً: {0}"
"Also Show Pop-up","إظهار إشعار منبثق أيضاً"
"Also show an on-screen pop-up and a bell notification to recipients who are system users.","إظهار إشعار منبثق وإشعار في الجرس للمستلمين من مستخدمي النظام أيضاً."
"An engineer can have several areas of expertise.","يمكن أن يكون للمهندس عدة مجالات خبرة."
"An existing Expertise.","تخصص موجود."
"An existing Expertise. One row per extra area: repeat the engineer columns empty on the extra rows.","مجال خبرة موجود. صف لكل مجال إضافي: اترك أعمدة المهندس فارغة في الصفوف الإضافية."
"Annual leave","إجازة سنوية"
"Any user can be an engineer (also a manager or helpdesk user). Saving gives the user the AMC Engineer role.","يمكن لأي مستخدم أن يكون مهندساً (حتى المدير أو موظف الدعم). عند الحفظ يُمنح المستخدم دور مهندس عقود الصيانة."
"Applies To PM Frequency","ينطبق على تكرار الصيانة"
"Arabic","العربية"
"Arabic Message","الرسالة العربية"
"Areas of Expertise","مجالات الخبرة"
"Areas of expertise of the engineers","مجالات تخصص المهندسين"
"Assign","تعيين"
"Assign Engineers","تعيين المهندسين"
"Assign Engineers - cycle {0}","تعيين المهندسين - الدورة {0}"
"Assign engineers","تعيين المهندسين"
"Assigned by the helpdesk. One row per engineer with their area of expertise.","يعيّنهم فريق الدعم. صف لكل مهندس مع مجال تخصصه."
"Audit Trail","سجل التدقيق"
"Availability","التوفر"
"Avg Days vs Due Date","متوسط الأيام مقارنة بالاستحقاق"
"Avg days vs due date","متوسط الأيام مقارنة بالاستحقاق"
"Avg days: last visit vs due date","متوسط الأيام: آخر زيارة مقارنة بالاستحقاق"
"Awaiting Sign-off","بانتظار الاعتماد"
"Awaiting client reply","بانتظار رد العميل"
"Block (instead of warn) a visit date when the engineer is on leave or already has a visit that day, or on a non-working day.","منع (بدلاً من التنبيه) موعد الزيارة إذا كان المهندس في إجازة أو لديه زيارة في نفس اليوم أو في يوم عطلة."
"Block Unavailable Visit Dates","منع مواعيد الزيارات غير المتاحة"
"By {0}","حسب {0}"
"CC","نسخة"
"CC AMC Field","نسخة: حقل في العقد"
"CC Email Address(es)","عناوين بريد النسخة"
"CC Emails","بريد النسخ"
"CC Role","دور النسخة"
"CC Type","نوع النسخة"
"CC User","مستخدم النسخة"
"Calendar","التقويم"
"Cancel Visit","إلغاء الزيارة"
"Cancel this PM visit?","إلغاء زيارة الصيانة هذه؟"
"Cancelled","ملغاة"
"Cancelled: {0}","ملغاة: {0}"
"Change","التغيير"
"Changed By","تم التغيير بواسطة"
"Changed On","تاريخ التغيير"
"Changed in calendar","تم التغيير من التقويم"
"Channel","القناة"
"Channels","القنوات"
"Check the visit date","تحقق من موعد الزيارة"
"Check this date","تحقق من هذا التاريخ"
"Chosen by the engineer with the client.","يحدده المهندس بالاتفاق مع العميل."
"Client","العميل"
"Client / AMC","العميل / العقد"
"Client Code","رمز العميل"
"Client Contact","جهة اتصال العميل"
"Client Contact Log","سجل التواصل مع العملاء"
"Client Follow-up","متابعة العميل"
"Client Name","اسم العميل"
"Client Reply Wait (days)","انتظار رد العميل (أيام)"
"Client Scheduling Email","بريد الجدولة للعميل"
"Client Sign-off","اعتماد العميل"
"Client asked for later date","طلب العميل موعداً لاحقاً"
"Client confirmed date","أكد العميل الموعد"
"Client contact","جهة اتصال العميل"
"Client request","طلب العميل"
"Client will confirm","سيؤكد العميل"
"Client {0} has AMCs. Delete or move them first.","لدى العميل {0} عقود صيانة. احذفها أو انقلها أولاً."
"Clients","العملاء"
"Column","العمود"
"Combined PM Report","تقرير الصيانة الموحد"
"Combined Report","التقرير الموحد"
"Combined Report and Sign-off","التقرير الموحد والاعتماد"
"Comma separated day names.","أسماء الأيام مفصولة بفواصل."
"Comma separated emails. Technical Managers always receive the digest.","عناوين مفصولة بفواصل. يستلم المديرون الفنيون الملخص دائماً."
"Comma separated, e.g. Not started. Empty = any status.","مفصولة بفواصل، مثل لم يبدأ. فارغ = أي حالة."
"Comma separated, e.g. Scheduled,In progress,Reports submitted,Signed off.","مفصولة بفواصل، مثل: مجدول، قيد التنفيذ، تم تقديم التقارير، معتمد."
"Comma separated.","مفصولة بفواصل."
"Comma separated. Technical Managers always receive it.","مفصولة بفواصل. يستلمه المديرون الفنيون دائماً."
"Communication","التواصل"
"Completed","منجز"
"Completed On","تاريخ الإنجاز"
"Completed per Month","المنجز شهرياً"
"Contact History","سجل التواصل"
"Contact Log","سجل التواصل"
"Contact Name","اسم جهة الاتصال"
"Contact On","تاريخ التواصل"
"Contact logged.","تم تسجيل التواصل."
"Contact logged: {0} via {1}{2}","تم تسجيل تواصل: {0} عبر {1}{2}"
"Contract End","نهاية العقد"
"Contract End cannot be before Contract Start.","لا يمكن أن تكون نهاية العقد قبل بدايته."
"Contract Period","مدة العقد"
"Contract Start","بداية العقد"
"Contract Status","حالة العقد"
"Contract ended","انتهى العقد"
"Contract {0}","العقد {0}"
"Contracts","العقود"
"Copied on emails to the client (comma separated).","يُضافون نسخةً في رسائل العميل (مفصولة بفواصل)."
"Could not build the timeline. See Error Log.","تعذر إنشاء الجدول الزمني. راجع سجل الأخطاء."
"Cycle","الدورة"
"Cycle Engineers","مهندسو الدورة"
"Cycle Status","حالة الدورة"
"Cycle label (e.g. 2026-Q4), digest-YYYY-MM-DD, todo-YYYY-MM-DD, renewal-YYYY-MM-DD.","رمز الدورة (مثل 2026-Q4) أو digest-YYYY-MM-DD أو todo-YYYY-MM-DD أو renewal-YYYY-MM-DD."
"Cycle status","حالة الدورة"
"Cycle status is {0}; rule only applies while it is {1}","حالة الدورة {0}؛ القاعدة تنطبق فقط عندما تكون {1}"
"Cycle {0} - PM due {1}","الدورة {0} - استحقاق الصيانة {1}"
"Cycle {0} already has PM visits. Sign it off (or cancel its visits) before moving the due date to another cycle.","الدورة {0} لديها زيارات صيانة. اعتمدها (أو ألغِ زياراتها) قبل نقل موعد الاستحقاق إلى دورة أخرى."
"Cycle {0} signed off. Next PM due on {1}.","تم اعتماد الدورة {0}. الصيانة القادمة مستحقة بتاريخ {1}."
"Daily email + pop-up to the AMC Helpdesk users.","بريد يومي وإشعار منبثق لمستخدمي دعم عقود الصيانة."
"Daily job queued. Check the Notification Log in a minute.","تمت جدولة المهمة اليومية. راجع سجل الإشعارات بعد دقيقة."
"Dashboard","لوحة المعلومات"
"Date","التاريخ"
"Date Proposed / Confirmed","التاريخ المقترح / المؤكد"
"Date-based reminders (except rules marked 'Ignore Pause') wait until this date.","التذكيرات المرتبطة بالتاريخ (عدا القواعد المعلّمة 'تجاهل الإيقاف') تنتظر حتى هذا التاريخ."
"Days","الأيام"
"Days Late","أيام التأخير"
"Days Left","الأيام المتبقية"
"Days after due date (overdue)","أيام بعد تاريخ الاستحقاق (متأخر)"
"Days after previous step if not resolved","أيام بعد الخطوة السابقة إن لم تُحل"
"Days before due date","أيام قبل تاريخ الاستحقاق"
"Days before visit date","أيام قبل موعد الزيارة"
"Days overdue","أيام التأخير"
"Default","افتراضي"
"Default Account Manager for this client's AMCs.","مدير الحساب الافتراضي لعقود هذا العميل."
"Default Helpdesk Email","بريد الدعم الافتراضي"
"Default Teams Webhook URL","رابط Teams الافتراضي"
"Default Technical Manager","المدير الفني الافتراضي"
"Description","الوصف"
"Designation","المسمى الوظيفي"
"Detail","التفاصيل"
"Details","التفاصيل"
"Devices / sites covered, e.g. 40 Catalyst switches, 2 WLCs, 2 PA-3220.","الأجهزة / المواقع المشمولة، مثل 40 محول Catalyst و2 WLC و2 PA-3220."
"Digest Recipients","مستلمو الملخص"
"Direction","الاتجاه"
"Disabled","معطّل"
"Dismiss","إغلاق"
"Done (last 90 days)","منجزة (آخر 90 يوماً)"
"Download Excel Template","تحميل قالب Excel"
"Dry run: nothing is sent and nothing is logged. {0} rule(s) would send today.","تجربة: لا يتم إرسال أو تسجيل شيء. {0} قاعدة ستُرسل اليوم."
"Due","الاستحقاق"
"Due Date","تاريخ الاستحقاق"
"Due in {0}d","مستحق بعد {0} يوم"
"Due per Month","المستحق شهرياً"
"Due since {0}","مستحق منذ {0}"
"Due {0} - {1} days overdue - {2} - {3}","الاستحقاق {0} - متأخر {1} يوم - {2} - {3}"
"Email","بريد إلكتروني"
"Email + Teams","بريد إلكتروني + Teams"
"Email Address","عنوان بريد إلكتروني"
"Email Client to Schedule","مراسلة العميل للجدولة"
"Email Client to Schedule the PM","مراسلة العميل لجدولة الصيانة"
"Email To-Do Now","إرسال المهام الآن"
"Email of a user with role AMC Account Manager (default for its AMCs).","بريد مستخدم بدور مدير حساب عقود الصيانة (الافتراضي لعقوده)."
"Email sent and logged.","تم إرسال البريد وتسجيله."
"Empty = the rules for this PM frequency.","فارغ = قواعد تكرار الصيانة هذا."
"Enable Daily Overdue Digest","تفعيل ملخص المتأخرات اليومي"
"Enable Pop-up Notifications","تفعيل الإشعارات المنبثقة"
"Enable Teams","تفعيل Teams"
"Enable desktop pop-ups for AMC Tracker","تفعيل إشعارات سطح المكتب لمتابعة عقود الصيانة"
"Enabled","مفعّل"
"Engineer","المهندس"
"Engineer Expertise","خبرة المهندس"
"Engineer Leave","إجازات المهندسين"
"Engineer Name","اسم المهندس"
"Engineer assigned","تعيين مهندس"
"Engineer availability for visit dates","توفر المهندسين لمواعيد الزيارات"
"Engineer available and working day.","المهندس متاح واليوم يوم عمل."
"Engineer not available","المهندس غير متاح"
"Engineer profiles and their expertise","ملفات المهندسين ومجالات خبرتهم"
"Engineer unavailable","المهندس غير متاح"
"Engineers","المهندسون"
"Engineers (visit date)","المهندسون (موعد الزيارة)"
"Engineers To Assign","مهندسون للتعيين"
"Engineers Yet To Schedule","مهندسون لم يحددوا الموعد"
"Engineers assigned","تم تعيين المهندسين"
"Engineers can only plan and report their visit. Not allowed: {0}","يمكن للمهندسين فقط تخطيط زيارتهم وتقديم تقريرها. غير مسموح: {0}"
"English","الإنجليزية"
"English + Arabic","الإنجليزية + العربية"
"Enter the client email address.","أدخل البريد الإلكتروني للعميل."
"Error","الخطأ"
"Evaluate As Of","التقييم بتاريخ"
"Evaluated as of","التقييم بتاريخ"
"Evaluating rules...","جارٍ تقييم القواعد..."
"Evaluation date of the run (today, or the simulated date).","تاريخ تقييم التشغيل (اليوم أو التاريخ التجريبي)."
"Every email, Teams card and pop-up sent","كل بريد وبطاقة Teams وإشعار منبثق تم إرساله"
"Example","مثال"
"Expertise","التخصص"
"Expertise Covered","التخصصات المشمولة"
"Expired","منتهي"
"Failed","فشل"
"Fallback Role","الدور البديل"
"Fill the '{0}' sheet only, then use {1} list > Import > Import from Excel.","عبّئ ورقة '{0}' فقط، ثم استخدم قائمة {1} > استيراد > استيراد من Excel."
"Findings","الملاحظات"
"Findings Summary","ملخص الملاحظات"
"Follow Up On","المتابعة بتاريخ"
"Follow-ups Due Today","متابعات اليوم"
"Follow-ups due today","متابعات مستحقة اليوم"
"Friday","الجمعة"
"From","من"
"From Date","من تاريخ"
"Full Name","الاسم الكامل"
"Give users the AMC roles","منح المستخدمين أدوار عقود الصيانة"
"Group By","التجميع حسب"
"Half-yearly","نصف سنوي"
"Hello,","مرحباً،"
"Helpdesk","الدعم الفني"
"Helpdesk Contact","جهة اتصال الدعم"
"History","السجل"
"Holiday Date","تاريخ العطلة"
"Holidays and leave cannot be moved here.","لا يمكن نقل العطل والإجازات من هنا."
"How","كيف"
"If you can read this card, the Teams Workflows webhook is configured correctly.","إذا ظهرت هذه البطاقة فإن ربط Teams يعمل بشكل صحيح."
"Ignore Pause","تجاهل الإيقاف"
"Import","استيراد"
"Import from Excel","استيراد من Excel"
"In combined report","ضمن التقرير الموحد"
"In person","حضورياً"
"In progress","قيد التنفيذ"
"Inactive","غير نشط"
"Inactive engineers cannot be assigned to new visits.","لا يمكن تعيين المهندسين غير النشطين لزيارات جديدة."
"Include Overdue","تضمين المتأخرة"
"Included in the combined AMC report","مشمولة في تقرير العقد الموحد"
"Incoming","وارد"
"Interval (months)","الفترة (بالأشهر)"
"Is Default","افتراضي"
"Jinja / HTML. Empty = default message.","Jinja / HTML. فارغ = الرسالة الافتراضية."
"Jinja. Variables: doc (the AMC), client, visit (PM Visit or None), step, flow, days_left, days_overdue, due_date, visit_date, days_to_visit, amc_url, visit_url, cycle_label, today, event_status, engineers, old_visit_date, reschedule_reason, reschedule_note, last_cycle. Empty = default subject.","Jinja. المتغيرات: doc (العقد)، client، visit (زيارة الصيانة أو None)، step، flow، days_left، days_overdue، due_date، visit_date، days_to_visit، amc_url، visit_url، cycle_label، today، event_status، engineers، old_visit_date، reschedule_reason، reschedule_note، last_cycle. فارغ = العنوان الافتراضي."
"Jinja: doc (AMC), client, visit, proposed_dates (list), due_date, sender_name. Empty = default.","Jinja: doc (العقد)، client، visit، proposed_dates (قائمة)، due_date، sender_name. فارغ = الافتراضي."
"Language","اللغة"
"Language of emails, Teams cards and pop-ups. Users choose the screen language in their own settings.","لغة البريد وبطاقات Teams والإشعارات المنبثقة. يختار كل مستخدم لغة الشاشة من إعداداته."
"Last Contact","آخر تواصل"
"Last Contact On","آخر تواصل بتاريخ"
"Last Contact Outcome","نتيجة آخر تواصل"
"Last PM Date","تاريخ آخر صيانة"
"Last Rescheduled On","تاريخ آخر تغيير للموعد"
"Last Visit","آخر زيارة"
"Last attempt failed ({0})","فشلت آخر محاولة ({0})"
"Last notification","آخر إشعار"
"Last sent on {0}","آخر إرسال بتاريخ {0}"
"Last visit date minus due date (0 or less = on time).","تاريخ آخر زيارة ناقص تاريخ الاستحقاق (0 أو أقل = في الموعد)."
"Late","متأخر"
"Lead","رئيسي"
"Leave","الإجازة"
"Leave Type","نوع الإجازة"
"Left voicemail","تم ترك رسالة صوتية"
"Log Client Contact","تسجيل تواصل مع العميل"
"Logged By","سُجل بواسطة"
"Management Summary","الملخص الإداري"
"Management summary {0} to {1}: {2}","الملخص الإداري من {0} إلى {1}: {2}"
"Mark Completed","تعيين كمنجزة"
"Message","الرسالة"
"Message Template","قالب الرسالة"
"Message Template (Arabic)","قالب الرسالة (عربي)"
"Method","الطريقة"
"Microsoft Teams","Microsoft Teams"
"Mobile","الجوال"
"Mode","النوع"
"Monday","الاثنين"
"Monthly","شهري"
"My AMCs","عقودي"
"My Leave","إجازاتي"
"My PM Visits","زياراتي"
"My Reports Pending","تقاريري المعلقة"
"My Visits Next 7 Days","زياراتي خلال 7 أيام"
"My Visits To Schedule","زيارات عليّ تحديد موعدها"
"My Work","عملي"
"New AMC","عقد صيانة جديد"
"New Date","التاريخ الجديد"
"New Value","القيمة الجديدة"
"Next N Days","الأيام القادمة"
"Next PM Due Date","موعد استحقاق الصيانة القادمة"
"Next repeat on {0}","التكرار القادم بتاريخ {0}"
"No PM visits in cycle {0}. Assign engineers first.","لا توجد زيارات صيانة في الدورة {0}. عيّن المهندسين أولاً."
"No PM visits with a date in this cycle yet","لا توجد زيارات صيانة بموعد محدد في هذه الدورة بعد"
"No Teams webhook URL configured (step or AMC Settings)","لم يُضبط رابط Teams (في الخطوة أو إعدادات عقود الصيانة)"
"No answer","لا يوجد رد"
"No channel applies","لا توجد قناة مناسبة"
"No channel applies (no recipients or Teams disabled)","لا توجد قناة مناسبة (لا مستلمين أو Teams معطل)"
"No default outgoing Email Account. Configure the Office 365 Email Account (Default Outgoing).","لا يوجد حساب بريد صادر افتراضي. قم بإعداد حساب Office 365 (الصادر الافتراضي)."
"No due date","بدون استحقاق"
"No email recipients resolved","لم يتم تحديد مستلمين للبريد"
"No enabled notification rules apply to this AMC.","لا توجد قواعد إشعار مفعلة تنطبق على هذا العقد."
"No engineers assigned for cycle {0} yet.","لم يُعيَّن مهندسون للدورة {0} بعد."
"No system users to notify","لا يوجد مستخدمون لإشعارهم"
"No template for {0}","لا يوجد قالب لـ {0}"
"Non-working days (add Eid dates yearly)","أيام العطل (أضف مواعيد الأعياد سنوياً)"
"Not assigned","غير معيّن"
"Not available","غير متاح"
"Not permitted","غير مسموح"
"Not ready for sign-off","غير جاهز للاعتماد"
"Not set","غير محدد"
"Not specified","غير محدد"
"Not started","لم يبدأ"
"Note","ملاحظة"
"Notes","ملاحظات"
"Nothing is sent on non-working days; reminders move to the nearest working day.","لا يُرسل شيء في أيام العطل؛ تنتقل التذكيرات إلى أقرب يوم عمل."
"Notification Language","لغة الإشعارات"
"Notification Log","سجل الإشعارات"
"Notification Rules","قواعد الإشعارات"
"Notification Steps","خطوات الإشعار"
"Notification Timeline","الجدول الزمني للإشعارات"
"Notifications","الإشعارات"
"Notifications Failed Today","إشعارات فشلت اليوم"
"OK","موافق"
"Off","متوقف"
"Old Date","التاريخ القديم"
"Old Value","القيمة القديمة"
"On Cycle Status","عند حالة الدورة"
"On Hold","معلّق"
"On cycle status change","عند تغيّر حالة الدورة"
"On time","في الموعد"
"On visit assigned","عند تعيين الزيارة"
"On visit report submitted","عند تقديم تقرير الزيارة"
"On visit rescheduled","عند تغيير موعد الزيارة"
"On visit scheduled","عند تحديد موعد الزيارة"
"On-screen pop-up and bell notification for users (per-rule 'Also Show Pop-up').","إشعار منبثق على الشاشة وإشعار في الجرس للمستخدمين (حسب خيار 'إظهار إشعار منبثق' في كل قاعدة)."
"On-site","في الموقع"
"On-time %","نسبة الالتزام بالموعد %"
"On-time vs Late","في الموعد مقابل المتأخر"
"One PM visit is created per engineer. An engineer listed with several areas of expertise gets one visit covering all of them. Each engineer then sets the visit date with the client.","تُنشأ زيارة صيانة واحدة لكل مهندس. المهندس المدرج بعدة تخصصات يحصل على زيارة واحدة تشملها جميعاً. ثم يحدد كل مهندس موعد زيارته مع العميل."
"One or more addresses, comma separated.","عنوان أو أكثر، مفصولة بفواصل."
"One row per engineer: repeat the AMC columns empty on the extra rows.","صف لكل مهندس: اترك أعمدة العقد فارغة في الصفوف الإضافية."
"Only If Cycle Status In","فقط إذا كانت حالة الدورة"
"Only My Visits","زياراتي فقط"
"Only an AMC Account Manager or AMC Technical Manager can sign off a PM cycle.","يمكن فقط لمدير الحساب أو المدير الفني اعتماد دورة الصيانة."
"Only one can be the default. Used when no frequency-specific rule set exists.","يمكن أن تكون مجموعة واحدة فقط افتراضية. تُستخدم عند عدم وجود قواعد خاصة بالتكرار."
"Only the AMC Admin can change these settings and the notification rules.","يمكن لمسؤول نظام عقود الصيانة فقط تغيير هذه الإعدادات وقواعد الإشعارات."
"Only the helpdesk or a Technical Manager can assign engineers.","يمكن فقط لفريق الدعم أو المدير الفني تعيين المهندسين."
"Only the helpdesk or a manager can cancel a visit.","يمكن فقط لفريق الدعم أو المدير إلغاء الزيارة."
"Only the helpdesk or a manager can reopen a visit.","يمكن فقط لفريق الدعم أو المدير إعادة فتح الزيارة."
"Open","فتح"
"Open AMC","فتح العقد"
"Open AMCs","فتح العقود"
"Open PM Visit","فتح زيارة الصيانة"
"Open in AMC Tracker","فتح في متابعة عقود الصيانة"
"Operations","العمليات"
"Option 1","الخيار 1"
"Option 2","الخيار 2"
"Option 3","الخيار 3"
"Optional. Defaults to '<Client> AMC'.","اختياري. الافتراضي '<العميل> AMC'."
"Optional. Defaults to the client's Account Manager.","اختياري. الافتراضي هو مدير حساب العميل."
"Optional. Overrides the default Technical Manager in AMC Settings.","اختياري. يستبدل المدير الفني الافتراضي في الإعدادات."
"Optional. Overrides the default helpdesk mailbox in AMC Settings.","اختياري. يستبدل بريد الدعم الافتراضي في الإعدادات."
"Optional. Teams Workflows webhook for this step; falls back to AMC Settings.","اختياري. رابط Teams لهذه الخطوة؛ وإلا يُستخدم رابط الإعدادات."
"Optional: one report covering several visits. Tick 'Included in the combined AMC report' on those visits.","اختياري: تقرير واحد يغطي عدة زيارات. علّم 'مشمولة في تقرير العقد الموحد' على تلك الزيارات."
"Other","أخرى"
"Other assignment","مهمة أخرى"
"Other visits that week","زيارات أخرى في ذلك الأسبوع"
"Outcome","النتيجة"
"Outgoing","صادر"
"Overdue","متأخر"
"Overdue by {0} days","متأخر {0} يوم"
"Overdue preventive maintenance as of {0}","الصيانة الوقائية المتأخرة حتى {0}"
"Overdue {0}d","متأخر {0} يوم"
"PM Avg Days vs Due Date","متوسط أيام الصيانة مقارنة بالاستحقاق"
"PM Calendar","تقويم الصيانة"
"PM Completed per Month","الصيانة المنجزة شهرياً"
"PM Cycle","دورة الصيانة"
"PM Due","استحقاق الصيانة"
"PM Due Date","تاريخ استحقاق الصيانة"
"PM Due This Month","صيانة مستحقة هذا الشهر"
"PM Due per Month","الصيانة المستحقة شهرياً"
"PM Frequency","تكرار الصيانة"
"PM History","سجل الصيانة"
"PM On-time vs Late","الصيانة: في الموعد مقابل المتأخرة"
"PM Overdue","صيانة متأخرة"
"PM Reschedule","تغيير موعد الصيانة"
"PM To-Do","مهام الصيانة"
"PM Visit","زيارة صيانة"
"PM Visit Expertise","تخصص زيارة الصيانة"
"PM Visit {0} belongs to another AMC.","زيارة الصيانة {0} تابعة لعقد آخر."
"PM Visits","زيارات الصيانة"
"PM Visits (current cycle)","زيارات الصيانة (الدورة الحالية)"
"PM Visits per Engineer","زيارات الصيانة لكل مهندس"
"PM cycles","دورات الصيانة"
"PM cycles completed","دورات الصيانة المنجزة"
"PM due","استحقاق الصيانة"
"PM due in {0} days","الصيانة مستحقة بعد {0} يوم"
"PM due today","الصيانة مستحقة اليوم"
"PM due: {0} (dates to set)","استحقاق صيانة: {0} (مواعيد غير محددة)"
"PM due: {0} (engineers to assign)","استحقاق صيانة: {0} (مهندسون للتعيين)"
"PM overdue by {0} days","الصيانة متأخرة {0} يوم"
"PM to-do for {0}","مهام الصيانة ليوم {0}"
"PM to-do: {0}","مهام الصيانة: {0}"
"PM visits","زيارات الصيانة"
"Pause Reminders Until","إيقاف التذكيرات حتى"
"Pause Reminders Until must be after the contact date.","يجب أن يكون تاريخ إيقاف التذكيرات بعد تاريخ التواصل."
"Pending","قيد الانتظار"
"Pending (sends at next run)","قيد الانتظار (يُرسل في التشغيل القادم)"
"Performance","الأداء"
"Phone","هاتف"
"Phone, Email, Teams or WhatsApp.","هاتف أو بريد إلكتروني أو Teams أو واتساب."
"Planned","المخطط"
"Planned (next 30 days)","مخطط (30 يوماً القادمة)"
"Planned for {0}","مخطط بتاريخ {0}"
"Planning Horizon (days)","أفق التخطيط (أيام)"
"Pop-up Notifications","الإشعارات المنبثقة"
"Preferred Contact Method","طريقة التواصل المفضلة"
"Preventive Maintenance","الصيانة الوقائية"
"Preventive maintenance summary {0} to {1}","ملخص الصيانة الوقائية من {0} إلى {1}"
"Primary Contact","جهة الاتصال الرئيسية"
"Proposed dates (optional)","التواريخ المقترحة (اختياري)"
"Public Holiday","عطلة رسمية"
"Public Holidays","العطل الرسمية"
"Public holiday","عطلة رسمية"
"Quarterly","ربع سنوي"
"Quick Access","وصول سريع"
"Ready for sign-off","جاهز للاعتماد"
"Reason","السبب"
"Recipient","المستلم"
"Recipient (To)","المستلم (إلى)"
"Recipient AMC Field","المستلم: حقل في العقد"
"Recipient Email Address(es)","بريد المستلم"
"Recipient Role","دور المستلم"
"Recipient Type","نوع المستلم"
"Recipient User","المستخدم المستلم"
"Recipients","المستلمون"
"Refresh Timeline","تحديث الجدول الزمني"
"Reminders Paused Until","التذكيرات متوقفة حتى"
"Reminders paused until {0}","التذكيرات متوقفة حتى {0}"
"Remote","عن بُعد"
"Renewal Alert Days","أيام تنبيه التجديد"
"Reopen Visit","إعادة فتح الزيارة"
"Repeat Every (days)","التكرار كل (أيام)"
"Repeat due (every {0} days)","التكرار مستحق (كل {0} يوم)"
"Report","التقرير"
"Report pending","التقرير معلق"
"Report submitted","تم تقديم التقرير"
"Reports","التقارير"
"Reports Pending","تقارير معلقة"
"Reports are missing for: {0}","التقارير ناقصة لـ: {0}"
"Reports submitted","تم تقديم التقارير"
"Required, unique (becomes the client ID).","مطلوب وفريد (يصبح رمز العميل)."
"Required.","مطلوب."
"Required. Excel date or YYYY-MM-DD.","مطلوب. تاريخ Excel أو بصيغة YYYY-MM-DD."
"Required: Monthly, Quarterly, Half-yearly or Yearly.","مطلوب: شهري أو ربع سنوي أو نصف سنوي أو سنوي."
"Required: email of an existing user. The profile gives the user the AMC Engineer role.","مطلوب: البريد الإلكتروني لمستخدم موجود. يمنح الملف المستخدم دور مهندس عقود الصيانة."
"Required: the Client Code of an existing client.","مطلوب: رمز عميل موجود."
"Reschedule","تغيير الموعد"
"Reschedule History","سجل تغيير المواعيد"
"Reschedule Note","ملاحظة تغيير الموعد"
"Reschedule PM Visit","تغيير موعد زيارة الصيانة"
"Reschedule Reason","سبب تغيير الموعد"
"Responsibilities","المسؤوليات"
"Role","الدور"
"Row {0}: Step No must be 1 or higher.","الصف {0}: يجب أن يكون رقم الخطوة 1 أو أكثر."
"Row {0}: {1} does not have the role {2}.","الصف {0}: {1} لا يملك الدور {2}."
"Row {0}: {1} has no active Engineer profile.","الصف {0}: لا يوجد ملف مهندس نشط لـ {1}."
"Row {0}: {1} is already listed for {2}.","الصف {0}: {1} مدرج مسبقاً لـ {2}."
"Rule","القاعدة"
"Rule Set","مجموعة القواعد"
"Rule Set Name","اسم مجموعة القواعد"
"Rule disabled","القاعدة معطلة"
"Rules","القواعد"
"Run Daily Job Now","تشغيل المهمة اليومية الآن"
"Run Date","تاريخ التشغيل"
"Run Dry Run","تشغيل الاختبار"
"Saturday","السبت"
"Save","حفظ"
"Save Date","حفظ الموعد"
"Save before testing.","احفظ قبل الاختبار."
"Save the AMC first.","احفظ العقد أولاً."
"Save the AMC to see its notification timeline.","احفظ العقد لعرض جدول إشعاراته."
"Save the AMC with a Next PM Due Date to see its notification timeline.","احفظ العقد مع موعد الصيانة القادمة لعرض جدول إشعاراته."
"Schedule","الجدولة"
"Scheduled","مجدول"
"Scheduled PM visits","زيارات صيانة مجدولة"
"Scheduling Email Message","نص بريد الجدولة"
"Scheduling Email Sent On","تاريخ إرسال بريد الجدولة"
"Scheduling Email Subject","عنوان بريد الجدولة"
"Scheduling email sent","تم إرسال بريد الجدولة"
"Scheduling email sent on {0}","أُرسل بريد الجدولة بتاريخ {0}"
"Scope","النطاق"
"Select at least one engineer.","اختر مهندساً واحداً على الأقل."
"Send","إرسال"
"Send Daily PM To-Do","إرسال مهام الصيانة اليومية"
"Send Management Summary","إرسال الملخص الإداري"
"Send Management Summary Now","إرسال الملخص الإداري الآن"
"Send PM To-Do Now","إرسال مهام الصيانة الآن"
"Send Test Email","إرسال بريد تجريبي"
"Send Test Pop-up To Me","إرسال إشعار منبثق تجريبي لي"
"Send Test Teams Card","إرسال بطاقة Teams تجريبية"
"Send even while the AMC's reminders are paused (e.g. management escalations).","الإرسال حتى أثناء إيقاف تذكيرات العقد (مثل تصعيدات الإدارة)."
"Sent","مرسل"
"Sent On","تاريخ الإرسال"
"Sent by","أُرسل بواسطة"
"Sent on {0}","أُرسل بتاريخ {0}"
"Set Visit Date","تحديد موعد الزيارة"
"Set automatically: date chosen = Scheduled, completed = Completed, report attached = Report submitted.","تُحدد تلقائياً: عند اختيار الموعد = مجدولة، عند الإنجاز = منجزة، عند إرفاق التقرير = تم تقديم التقرير."
"Set the visit date first.","حدد موعد الزيارة أولاً."
"Sets the AMC's 'Reminders Paused Until' (client asked to be contacted later).","يضبط 'إيقاف التذكيرات حتى' في العقد (طلب العميل التواصل لاحقاً)."
"Settings","الإعدادات"
"Setup","الإعداد"
"Shared helpdesk mailbox. Used when a rule targets the AMC field helpdesk_contact and it is empty.","بريد الدعم المشترك. يُستخدم عندما تستهدف القاعدة حقل جهة اتصال الدعم في العقد وكان فارغاً."
"Short unique code, e.g. C001. Used as the record ID.","رمز قصير فريد، مثل C001. يُستخدم كمعرّف للسجل."
"Shown in the PM To-Do on this date.","يظهر في مهام الصيانة في هذا التاريخ."
"Shows PM cycles once they are signed off.","تظهر دورات الصيانة بعد اعتمادها."
"Shows engineers' visits once visit dates are set.","تظهر زيارات المهندسين بعد تحديد مواعيدها."
"Shows how early or late PM cycles finish once they are signed off.","يظهر مدى تبكير أو تأخر إنجاز دورات الصيانة بعد اعتمادها."
"Shows on-time and late PM cycles once they are signed off.","تظهر دورات الصيانة في الموعد والمتأخرة بعد اعتمادها."
"Shows upcoming PM due dates of active AMCs.","تظهر مواعيد استحقاق الصيانة القادمة للعقود النشطة."
"Sick leave","إجازة مرضية"
"Sign Off Cycle","اعتماد الدورة"
"Sign off PM cycle {0}? The next PM due date rolls forward by {1} month(s) and a new cycle starts.","اعتماد دورة الصيانة {0}؟ سينتقل موعد الاستحقاق القادم {1} شهر وتبدأ دورة جديدة."
"Signed Off By","اعتمد بواسطة"
"Signed Off On","تاريخ الاعتماد"
"Signed off","معتمد"
"Signed off by {0}","اعتمد بواسطة {0}"
"Site","الموقع"
"Skip Weekends and Holidays","تخطي العطل الأسبوعية والرسمية"
"Specific User","مستخدم محدد"
"Status","الحالة"
"Step","الخطوة"
"Step Label","اسم الخطوة"
"Step No","رقم الخطوة"
"Step No {0} is used more than once.","رقم الخطوة {0} مستخدم أكثر من مرة."
"Step to wait for. 0 = the step with the next lower Step No.","الخطوة المنتظرة. 0 = الخطوة ذات الرقم الأقل التالي."
"Step {0} ({1})","الخطوة {0} ({1})"
"Steps","الخطوات"
"Stop When Cycle Status","التوقف عند حالة الدورة"
"Stopped: cycle status is {0}","متوقفة: حالة الدورة {0}"
"Subject","الموضوع"
"Subject Template","قالب الموضوع"
"Subject Template (Arabic)","قالب الموضوع (عربي)"
"Summary Frequency","تكرار الملخص"
"Summary Recipients","مستلمو الملخص"
"Sunday","الأحد"
"System Notification","إشعار النظام"
"Teams","Teams"
"Teams Webhook URL","رابط Teams"
"Teams is enabled but no default webhook URL is set. Rules without their own URL will fail.","تم تفعيل Teams دون رابط افتراضي. ستفشل القواعد التي ليس لها رابط خاص."
"Teams test failed","فشل اختبار Teams"
"Teams webhook returned HTTP {0}: {1}","أعاد رابط Teams الرمز HTTP {0}: {1}"
"Technical Manager","المدير الفني"
"Template error:
","خطأ في القالب:
"
"Template error: {0}","خطأ في القالب: {0}"
"Test","اختبار"
"Test Rules","اختبار القواعد"
"Test Rules (dry run - nothing is sent)","اختبار القواعد (تجربة - لا يُرسل شيء)"
"Test card posted to Teams.","تم إرسال البطاقة التجريبية إلى Teams."
"Test email sent to {0}.","تم إرسال البريد التجريبي إلى {0}."
"Test pop-up sent. It appears in a moment and in the bell icon.","تم إرسال الإشعار التجريبي، وسيظهر خلال لحظات وفي أيقونة الجرس."
"The AMC is {0}. Assign engineers only on active AMCs.","حالة العقد {0}. عيّن المهندسين في العقود النشطة فقط."
"The AMC {0} for {1} ({2}) ends on {3}, in {4} days.","عقد الصيانة {0} للعميل {1} ({2}) ينتهي بتاريخ {3}، بعد {4} يوم."
"The default rule set must be enabled.","يجب تفعيل مجموعة القواعد الافتراضية."
"The visit becomes 'Report submitted' when you save.","ستصبح الزيارة 'تم تقديم التقرير' عند الحفظ."
"This engineer has PM visits during the leave: {0}. Reschedule them.","لدى هذا المهندس زيارات صيانة خلال الإجازة: {0}. غيّر مواعيدها."
"This visit belongs to {0}. You can view it but not change it.","هذه الزيارة تخص {0}. يمكنك عرضها دون تعديلها."
"Thursday","الخميس"
"Tick when this visit is covered by the combined report attached on the AMC.","علّم إذا كانت هذه الزيارة مشمولة في التقرير الموحد المرفق بالعقد."
"Tip: save the contact email on the Client.","تلميح: احفظ بريد جهة الاتصال في سجل العميل."
"To","إلى"
"To Date","إلى تاريخ"
"To Date cannot be before From Date.","لا يمكن أن يكون تاريخ النهاية قبل تاريخ البداية."
"To be scheduled","بانتظار تحديد الموعد"
"Today","اليوم"
"Total","الإجمالي"
"Training","تدريب"
"Trigger","التشغيل"
"Tuesday","الثلاثاء"
"URL of a Teams Workflows flow 'When a Teams webhook request is received' > 'Post card in a chat or channel'.","رابط مسار Teams Workflows 'عند استلام طلب webhook' > 'نشر بطاقة في محادثة أو قناة'."
"Unassigned","غير معيّن"
"Unknown channel {0}","قناة غير معروفة {0}"
"Unknown trigger {0}","مُشغّل غير معروف {0}"
"Upcoming PM","الصيانة القادمة"
"Used when AMC Settings > Notification Language is Arabic or English + Arabic.","يُستخدم عندما تكون لغة الإشعارات في الإعدادات العربية أو الإنجليزية + العربية."
"Used when an AMC has no Technical Manager.","يُستخدم عندما لا يوجد مدير فني للعقد."
"Used when the recipient above resolves to nobody.","يُستخدم عندما لا ينتج عن المستلم أعلاه أي شخص."
"User","المستخدم"
"Users","المستخدمون"
"View","عرض"
"Visit","الزيارة"
"Visit Date","موعد الزيارة"
"Visit Engineer","مهندس الزيارة"
"Visit Mode","نوع الزيارة"
"Visit Report","تقرير الزيارة"
"Visit date","موعد الزيارة"
"Visit date has passed","مضى موعد الزيارة"
"Visit date not set yet","لم يُحدد موعد الزيارة بعد"
"Visit done - report pending","تمت الزيارة - التقرير مطلوب"
"Visit event","حدث الزيارة"
"Visit is {0}","الزيارة {0}"
"Visited {0} days ago","تمت الزيارة قبل {0} يوم"
"Visits This Week","زيارات هذا الأسبوع"
"Visits To Schedule","زيارات بانتظار الموعد"
"Visits in the next 2 working days (confirm with client)","زيارات خلال يومي العمل القادمين (التأكيد مع العميل)"
"Visits per Engineer","الزيارات لكل مهندس"
"Waiting for a visit event","بانتظار حدث زيارة"
"Waiting for step {0} to be sent","بانتظار إرسال الخطوة {0}"
"Waiting for the engineer to set the visit date","بانتظار تحديد المهندس لموعد الزيارة"
"Waiting for the status change","بانتظار تغيّر الحالة"
"Waiting for the visit event","بانتظار حدث الزيارة"
"Wednesday","الأربعاء"
"Weekend Days","أيام عطلة نهاية الأسبوع"
"Weekly","أسبوعي"
"Weekly: every Sunday for the previous 7 days. Monthly: on the 1st for the previous month.","أسبوعي: كل يوم أحد لآخر 7 أيام. شهري: في أول الشهر للشهر السابق."
"WhatsApp","واتساب"
"When","متى"
"When a visit date changes","عند تغيّر موعد الزيارة"
"When a visit report is submitted","عند تقديم تقرير الزيارة"
"When an engineer is assigned","عند تعيين مهندس"
"When an engineer sets the visit date","عند تحديد المهندس لموعد الزيارة"
"When the cycle becomes {0}","عندما تصبح الدورة {0}"
"Who is notified, when and how","من يُشعَر ومتى وكيف"
"Why is the visit date changing?","لماذا يتغير موعد الزيارة؟"
"Working Days and Visit Dates","أيام العمل ومواعيد الزيارات"
"Would send today","سيُرسل اليوم"
"Wrong contact details","بيانات اتصال خاطئة"
"Yearly","سنوي"
"You cannot change: {0}. Ask a Technical Manager or Account Manager.","لا يمكنك تغيير: {0}. تواصل مع المدير الفني أو مدير الحساب."
"[AMC] Daily overdue digest {0}: {1} overdue PM(s)","[عقد الصيانة] ملخص الصيانة المتأخرة {0}: {1}"
"[AMC] Management summary {0} to {1}","[عقد الصيانة] الملخص الإداري {0} - {1}"
"[AMC] PM to-do {0}: {1} item(s)","[عقد الصيانة] مهام الصيانة {0}: {1}"
"[AMC] Renewal: {0} - {1} ends in {2} days ({3})","[عقد الصيانة] التجديد: {0} - {1} ينتهي بعد {2} يوم ({3})"
"account_manager","مدير الحساب"
"e.g. Network AMC, Security AMC. Defaults to '<Client> AMC'.","مثل: عقد صيانة الشبكة، عقد صيانة الأمن. الافتراضي '<العميل> AMC'."
"helpdesk_contact","جهة اتصال الدعم"
"no date","بدون موعد"
"public holiday ({0})","عطلة رسمية ({0})"
"recipient","المستلم"
"technical_manager","المدير الفني"
"this AMC","هذا العقد"
"weekend ({0})","عطلة نهاية الأسبوع ({0})"
"{0} AMC","عقد صيانة {0}"
"{0} PM visit(s) created.","تم إنشاء {0} زيارة صيانة."
"{0} already has a PM visit for {1} ({2}) on {3}.","لدى {0} زيارة صيانة للعميل {1} ({2}) بتاريخ {3}."
"{0} cannot be an engineer.","لا يمكن أن يكون {0} مهندساً."
"{0} cannot be negative.","لا يمكن أن يكون {0} سالباً."
"{0} day(s) after due date","بعد تاريخ الاستحقاق بـ {0} يوم"
"{0} day(s) after step {1}","بعد الخطوة {1} بـ {0} يوم"
"{0} day(s) before due date","قبل تاريخ الاستحقاق بـ {0} يوم"
"{0} day(s) before the visit","{0} يوم قبل الزيارة"
"{0} does not have the role {1}.","{0} لا يملك الدور {1}."
"{0} has no active Engineer profile.","لا يوجد ملف مهندس نشط لـ {0}."
"{0} is a {1}.","{0} يوافق {1}."
"{0} is listed twice.","{0} مُدرج مرتين."
"{0} is on {1} from {2} to {3}.","{0} في {1} من {2} إلى {3}."
"{0} more not shown","{0} أخرى غير معروضة"
"{0} on {1}: {2}","{0} بتاريخ {1}: {2}"
"{0} visit","زيارة {0}"
"{0}: '{1}' can only be used with a visit trigger (e.g. Days before visit date).","{0}: يمكن استخدام '{1}' فقط مع مُشغّل زيارة (مثل أيام قبل موعد الزيارة)."
"{0}: After Step No must be an earlier step of this rule set.","{0}: يجب أن تكون 'بعد الخطوة رقم' خطوة سابقة في هذه المجموعة."
"{0}: choose a role for the {1}.","{0}: اختر دوراً لـ {1}."
"{0}: choose a user for the {1}.","{0}: اختر مستخدماً لـ {1}."
"{0}: choose an AMC field for the {1}.","{0}: اختر حقلاً في العقد لـ {1}."
"{0}: days cannot be negative.","{0}: لا يمكن أن تكون الأيام سالبة."
"{0}: enter an email address for the {1}.","{0}: أدخل بريداً إلكترونياً لـ {1}."
"{0}: set On Cycle Status.","{0}: حدد 'عند حالة الدورة'."
"{0}: there is no previous step to wait for.","{0}: لا توجد خطوة سابقة للانتظار."
"{0}: unknown cycle status {1} in {2}. Use: {3}","{0}: حالة دورة غير معروفة {1} في {2}. استخدم: {3}"
"Transfer to Another Engineer","نقل إلى مهندس آخر"
"Transfer To","نقل إلى"
"From Engineer","من المهندس"
"Transfer","نقل"
"Transferred.","تم النقل."
"Keep the agreed visit date","الإبقاء على موعد الزيارة المتفق عليه"
"Untick to let the new engineer set a new date with the client.","ألغِ التحديد ليحدد المهندس الجديد موعداً جديداً مع العميل."
"The new engineer takes over the AMC rows and the visit of the current cycle that is not done yet. Completed and reported visits stay with the original engineer.","يتولى المهندس الجديد بنود العقد وزيارة الدورة الحالية التي لم تُنجز بعد. تبقى الزيارات المكتملة والمرفوع تقريرها مع المهندس الأصلي."
"You can only transfer your own AMCs.","يمكنك نقل عقودك فقط."
"Give a reason for the transfer.","اذكر سبب النقل."
"Choose another engineer.","اختر مهندساً آخر."
"The AMC is {0}. Only active AMCs can be transferred.","العقد {0}. يمكن نقل العقود النشطة فقط."
"{0} has nothing to transfer on this AMC.","لا يوجد لدى {0} ما ينقله في هذا العقد."
"{0} already has a visit in cycle {1}. Ask the helpdesk to combine the visits.","لدى {0} زيارة بالفعل في الدورة {1}. اطلب من مكتب الدعم دمج الزيارات."
"Transferred from {0} to {1} by {2}. Reason: {3}","نُقل من {0} إلى {1} بواسطة {2}. السبب: {3}"
"AMC transferred: {0}","تم نقل العقد: {0}"
"AMC Team","فريق عقود الصيانة"
"Team","الفريق"
"Add User","إضافة مستخدم"
"All users","كل المستخدمين"
"Not in a group","ليس ضمن مجموعة"
"Groups","المجموعات"
"Group","المجموعة"
"inactive","غير نشط"
"No users","لا يوجد مستخدمون"
"User added.","تمت إضافة المستخدم."
"Email (login)","البريد الإلكتروني (تسجيل الدخول)"
"Areas of expertise (engineers)","مجالات الخبرة (للمهندسين)"
"Login","تسجيل الدخول"
"Leave empty to email the user a link to set their own password.","اتركها فارغة لإرسال رابط للمستخدم لتعيين كلمة المرور بنفسه."
"Disable User","تعطيل المستخدم"
"Enable User","تفعيل المستخدم"
"Disable {0}? They will no longer be able to log in.","تعطيل {0}؟ لن يتمكن من تسجيل الدخول بعد ذلك."
"Enable {0} again?","تفعيل {0} مرة أخرى؟"
"Groups decide what each person sees and can do. Engineers also need their areas of expertise. Click a row to change it.","تحدد المجموعات ما يراه كل شخص وما يمكنه فعله. يحتاج المهندسون أيضاً إلى مجالات خبرتهم. انقر على صف لتغييره."
"{0} cannot be changed here.","لا يمكن تغيير {0} هنا."
"Only a System Manager can change a System Manager's account.","فقط مدير النظام يمكنه تغيير حساب مدير نظام."
"Enter a valid email address.","أدخل بريداً إلكترونياً صحيحاً."
"Enter the full name.","أدخل الاسم الكامل."
"Choose at least one group.","اختر مجموعة واحدة على الأقل."
"Choose the engineer's areas of expertise.","اختر مجالات خبرة المهندس."
"{0} already exists. Open it from the list to change its groups.","{0} موجود بالفعل. افتحه من القائمة لتغيير مجموعاته."
"You cannot remove yourself from AMC Admin. Ask another admin.","لا يمكنك إزالة نفسك من مسؤولي العقود. اطلب ذلك من مسؤول آخر."
"You cannot disable your own account.","لا يمكنك تعطيل حسابك."
"Add users and put them in groups","إضافة المستخدمين وتوزيعهم على المجموعات"
"Users (System Manager)","المستخدمون (مدير النظام)"
"Frappe's full user settings","إعدادات المستخدمين الكاملة في Frappe"
